id,prediction,rationale
95,0,Contradiction: Noirtier was a Bonapartist and would never help a British spy against Napoleon.
136,0,"Contradiction: Faria was imprisoned in Chateau d'If during this time, not living on an island."
59,1,Consistent: Fits Thalcave's skillset and survival capability.
60,1,Consistent: Plausible backstory for Thalcave's reputation.
124,0,Contradiction: Faria was in solitary confinement in 1815.
111,1,Consistent: Noirtier maintained influence despite his condition.
135,1,Consistent: Plausible revolutionary history for Faria.
27,1,Consistent: Fits Ayrton's rough upbringing.
110,1,Consistent: Fits Noirtier's secretive political life.
42,1,Consistent: Fits Ayrton's naval history.
56,1,Consistent: Fits Thalcave's noble character.
80,1,Consistent: Plausible backstory for Kai-Koumou.
28,1,Consistent: Explains Ayrton's turn to crime.
101,1,Consistent: Fits Noirtier's Jacobin past.
91,1,Consistent: Plausible darker history for Noirtier.
24,0,"Contradiction: Paganel boarded the Duncan by mistake, not the Brittany."
119,1,Consistent: Faria was a scholar in prison.
93,1,Consistent: Fits Noirtier's conspiracies.
72,0,"Contradiction: Kai-Koumou is a Maori chief, not a spy-master in Auckland."
16,0,"Contradiction: Paganel is French, not British-born."
30,1,Consistent: Fits Ayrton's pirate arc.
97,1,Consistent: Explains his immunity to poison.
22,1,Consistent: Fits Paganel's geographical interests.
53,1,Consistent: Fits the bond with his horse.
58,1,Consistent: Plausible education source.
81,1,Consistent: Plausible interaction.
47,1,Consistent: Fits the tragic backstory tone.
7,1,Consistent: Fits Paganel's eccentric nature.
121,0,Contradiction: Implausible meeting; Dantes' father died alone.
129,1,Consistent: Faria made tools in prison.
51,1,Consistent: Fits the genre tropes.
127,1,Consistent: Fits Faria's intellectualism.
133,1,Consistent: Fits Faria's philosophy.
52,1,Consistent: Fits the horse taming plot.
114,1,Consistent: Fits Faria's genius.
2,0,Contradiction: Paganel learned Portuguese thinking it was Spanish.
33,1,Consistent: Fits Ayrton's duplicity.
15,1,Consistent: Fits Paganel's scientific observations.
82,1,Consistent: Plausible survival story.
37,1,Consistent: Fits Ayrton's skills.
3,1,Consistent: Fits Paganel's props.
103,0,"Contradiction: Noirtier supported Napoleon during his rise, didn't distance himself."
94,1,Consistent: Explains his leverage.
85,0,"Contradiction: Kai-Koumou kidnapped them, he didn't volunteer to help."
21,0,"Contradiction: Paganel is a Geographer, not a ship's assistant on HMS Austin."
49,1,Consistent: Fits Thalcave's history.
140,1,Consistent: Fits Faria's character.
64,1,Consistent: Fits Thalcave's heroism.
131,1,Consistent: Fits Faria's background.
61,1,Consistent: Fits Thalcave's motivation.
86,0,Contradiction: They were enemies; no trust was established.
38,1,Consistent: Fits Ayrton's resentment.
132,1,Consistent: Fits Faria's academics.
77,0,Contradiction: Implausible connection to Wallace.
70,0,Contradiction: White princess narrative contradicts the Maori setting of the book.
115,1,Consistent: Fits Faria's knowledge base.
78,1,Consistent: Plausible tribal history.
87,0,Contradiction: Noirtier's father died earlier; Noirtier was the revolutionary.
75,1,Consistent: Fits Kai-Koumou's local knowledge.
44,0,Contradiction: Ayrton was unrepentant until the very end.
